<?xml version="1.0" encoding="UTF-8"?>
<project-private xmlns="http://www.netbeans.org/ns/project-private/1">
    <editor-bookmarks xmlns="http://www.netbeans.org/ns/editor-bookmarks/2" lastBookmarkId="0"/>
    <open-files xmlns="http://www.netbeans.org/ns/projectui-open-files/2">
        <group>
            <file>file:/C:/Users/frank/Documents/NetBeansProjects/fp_labactivity5/web/09a_clickSort_Sample/34_AJAX_two/js/users.js</file>
            <file>file:/C:/Users/frank/Documents/NetBeansProjects/fp_labactivity5/web/09a_clickSort_Sample/34_AJAX_two/js/MakeTable.js</file>
            <file>file:/C:/Users/frank/Documents/NetBeansProjects/fp_labactivity5/web/09a_clickSort_Sample/34_AJAX_two/style/clickSort.css</file>
            <file>file:/C:/Users/frank/Documents/NetBeansProjects/fp_labactivity5/web/09a_clickSort_Sample/34_AJAX_two/34_users_then_cars.html</file>
        </group>
    </open-files>
</project-private>
